{
    "Chickenpox": {
        "precision": 0.5074626865671642,
        "recall": 0.9107142857142857,
        "f1-score": 0.6517571884984026,
        "support": 112.0
    },
    "Cowpox": {
        "precision": 0.5191256830601093,
        "recall": 0.9595959595959596,
        "f1-score": 0.6737588652482269,
        "support": 99.0
    },
    "Healthy": {
        "precision": 0.7989690721649485,
        "recall": 0.9064327485380117,
        "f1-score": 0.8493150684931506,
        "support": 171.0
    },
    "Measles": {
        "precision": 0.6833333333333333,
        "recall": 1.0,
        "f1-score": 0.8118811881188119,
        "support": 82.0
    },
    "Monkeypox": {
        "precision": 0.9793388429752066,
        "recall": 0.49789915966386555,
        "f1-score": 0.6601671309192201,
        "support": 476.0
    },
    "accuracy": 0.7138297872340426,
    "macro avg": {
        "precision": 0.6976459236201524,
        "recall": 0.8549284307024244,
        "f1-score": 0.7293758882555623,
        "support": 940.0
    },
    "weighted avg": {
        "precision": 0.8160123377108628,
        "recall": 0.7138297872340426,
        "f1-score": 0.7082400225819316,
        "support": 940.0
    }
}