{
    "accuracy": [
        0.28427204489707947,
        0.37048351764678955,
        0.4286663234233856,
        0.58498937487602234,
        0.7200584530830383,
        0.7405154228210449,
        0.7609723925590515,
        0.7912593007087708,
        0.83001594066619873,
        0.8607863783836365,
        0.8816790676116943,
        0.9162327527999878,
        0.9310307264328,
        0.9593464207649231,
        0.9693836236000061
    ],
    "auc": [
        0.6022913455963135,
        0.6913814544677734,
        0.7487767338752747,
        0.7858579754829407,
        0.8153048157691956,
        0.831900417804718,
        0.8441691398620605,
        0.8592693209648132,
        0.8686472773551941,
        0.8744749426841736,
        0.8772297501564026,
        0.9274084448814392,
        0.932301926612854,
        0.947752890586853,
        0.967631812095642
    ],
    "loss": [
        2.8439197540283203,
        2.613250494003296,
        2.468035936355591,
        2.368654489517212,
        2.278975248336792,
        2.210193634033203,
        2.1487576961517334,
        2.096390724182129,
        2.061497449874878,
        2.030376672744751,
        2.010157346725464,
        2.001351833343506,
        1.9840341806411743,
        1.9765833616256714,
        1.9790881872177124
    ],
    "pr_auc": [
        0.27305153012275696,
        0.3690153658390045,
        0.45469921827316284,
        0.5175740122795105,
        0.569326639175415,
        0.5973196625709534,
        0.6231882572174072,
        0.6509547829627991,
        0.6721336245536804,
        0.6798391938209534,
        0.689694881439209,
        0.6850996613502502,
        0.7013623714447021,
        0.7106216549873352,
        0.7045652270317078
    ],
    "precision": [
        0.3249877393245697,
        0.43973541259765625,
        0.5314217209815979,
        0.6024413704872131,
        0.650448739528656,
        0.6736401915550232,
        0.7007684707641602,
        0.7319708466529846,
        0.756302535533905,
        0.7487448453903198,
        0.7659279704093933,
        0.764624297618866,
        0.7815567255020142,
        0.7798857092857361,
        0.7782836556434631
    ],
    "recall": [
        0.17587672173976898,
        0.23844315111637115,
        0.29543039202690125,
        0.3343517482280731,
        0.36583420634269714,
        0.384962797164917,
        0.3876195549964905,
        0.4139213562011719,
        0.4184378385543823,
        0.43583953380584717,
        0.4407545030117035,
        0.4392932951450348,
        0.45483529567718506,
        0.453241229057312,
        0.4541710913181305
    ],
    "val_accuracy": [
        0.51382976770401,
        0.5872340202331543,
        0.5968084931373596,
        0.6021276712417603,
        0.6234042644500732,
        0.6404255032539368,
        0.6904255151748657,
        0.6904255151748657,
        0.6989361643791199,
        0.7063829898834229,
        0.7063829898834229,
        0.7117021083831787,
        0.7127659320831299,
        0.7127659320831299,
        0.7138298153877258
    ],
    "val_auc": [
        0.8401878476142883,
        0.8808037042617798,
        0.8753658533096313,
        0.8806775808334351,
        0.891201913356781,
        0.8999172449111938,
        0.9213643074035645,
        0.9243341088294983,
        0.9293136596679688,
        0.9328334331512451,
        0.9332655668258667,
        0.934045672416687,
        0.93488609790802,
        0.9356582164764404,
        0.9357687830924988
    ],
    "val_loss": [
        3.0221683979034424,
        2.8612759113311768,
        2.815760374069214,
        2.75356388092041,
        2.688314199447632,
        2.632415533065796,
        2.5622360706329346,
        2.524451971054077,
        2.489501953125,
        2.4631149768829346,
        2.44809627532959,
        2.4374895095825195,
        2.431382894515991,
        2.428027868270874,
        2.4279139041900635
    ],
    "val_pr_auc": [
        0.5427963733673096,
        0.6749976873397827,
        0.6734552979469299,
        0.7026067972183228,
        0.7245404124259949,
        0.7432769536972046,
        0.7850095629692078,
        0.7907748818397522,
        0.8011021018028259,
        0.8081724047660828,
        0.8088718056678772,
        0.8102612495422363,
        0.8129081726074219,
        0.8151835799217224,
        0.815395712852478
    ],
    "val_precision": [
        0.7424242496490479,
        0.7994579672813416,
        0.7755101919174194,
        0.8075313568115234,
        0.8266384601593018,
        0.8360323905944824,
        0.8662674427032471,
        0.8732673525810242,
        0.8645640015602112,
        0.8672897219657898,
        0.8685185313224792,
        0.8726937174797058,
        0.866544783115387,
        0.8770949840545654,
        0.8713235259056091
    ],
    "val_recall": [
        0.0521276593208313,
        0.31382977962493896,
        0.3638297915458679,
        0.41063830256462097,
        0.4159574508666992,
        0.43936169147491455,
        0.4617021381855011,
        0.4691489338874817,
        0.4957446753978729,
        0.4936170279979706,
        0.49893617630004883,
        0.5031914710998535,
        0.5042552947998047,
        0.5010638236999512,
        0.5042552947998047
    ],
    "learning_rate": [
        9.890738147078082e-05,
        9.567726374370977e-05,
        9.045084152603522e-05,
        8.345652895513922e-05,
        7.499999628635123e-05,
        6.545084761455655e-05,
        5.522642095456831e-05,
        4.477356924326159e-05,
        3.4549138945294544e-05,
        2.4999995730468072e-05,
        1.654346488066949e-05,
        9.54914685280528e-06,
        4.3227255446254276e-06,
        1.092618731490802e-06,
        0.0
    ]
}